{"cameraMode":{"drawMode":0,"name":"Shaded","section":"Shading Mode"},"sceneLighting":true,"audioPlay":false,"sceneViewState":{"m_AlwaysRefresh":false,"showFog":true,"showSkybox":true,"showFlares":true,"showImageEffects":false,"showParticleSystems":true,"showVisualEffectGraphs":true,"m_FxEnabled":false},"in2DMode":false,"pivot":{"x":42.977054595947269,"y":9.670160293579102,"z":-30.012338638305665},"rotation":{"x":0.00465838797390461,"y":0.7931832671165466,"z":-0.006268069613724947,"w":0.6090670824050903},"size":14.150971412658692,"orthographic":false}